"Oturum ülkesi","Oturum bölgesi","Oturum şehri","Online mağaza ziyaretçileri","Oturumlar","Online store visitors (previous_year)","Sessions (previous_year)","Online store visitors (previous_year) ","Sessions (previous_year) "
"Türkiye","Istanbul","Istanbul",19185,23941,0,0,,
"Türkiye","Ankara","Ankara",4753,5676,0,0,,
"Türkiye",,,2734,3066,0,0,,
"Türkiye","Bursa Province","Bursa",2188,2615,0,0,,
"Türkiye","İzmir Province","Izmir",2021,2387,0,0,,
"United States","Iowa","Council Bluffs",1749,1749,0,0,,
"Türkiye","Ankara","Çankaya",1134,1294,0,0,,
"Türkiye","Adana","Adana",802,920,0,0,,
"Türkiye","Antalya","Antalya",677,816,0,0,,
"Türkiye","Gaziantep","Gaziantep",675,805,0,0,,
"Türkiye","Konya","Selçuklu",611,698,0,0,,
"Türkiye","Kayseri","Kayseri",516,585,0,0,,
"Türkiye","İzmir Province",,489,555,0,0,,
"Türkiye","Mersin","Mersin",467,537,0,0,,
"Türkiye","Sakarya","Adapazarı",435,475,0,0,,
"Türkiye","Ankara",,361,388,0,0,,
"Türkiye","Istanbul","Küçükçekmece",332,373,0,0,,
"Türkiye","Kocaeli","Köseköy",295,333,0,0,,
"Türkiye","Kocaeli","Gebze",278,314,0,0,,
"Türkiye","Trabzon","Trabzon",203,283,0,0,,
"Türkiye","Konya","Konya",251,280,0,0,,
"Türkiye","Samsun","Samsun",249,279,0,0,,
"Türkiye","Eskişehir","Eskişehir",227,265,0,0,,
"Türkiye","Balıkesir","Balıkesir",215,263,0,0,,
"Türkiye","Istanbul",,228,249,0,0,,
"Türkiye","Diyarbakır Province","Diyarbakır",218,247,0,0,,
"Türkiye","Denizli","Denizli",193,229,0,0,,
"Türkiye","Manisa","Magnesia ad Sipylum",196,224,0,0,,
"Türkiye","Istanbul","Avcılar",142,204,0,0,,
"Türkiye","Elazığ","Elâzığ",173,195,0,0,,
"Türkiye","Kahramanmaraş","Kahramanmaraş",140,186,0,0,,
"Türkiye","Diyarbakır Province","Kayapınar",162,179,0,0,,
"Türkiye","Ankara","Mamak",157,178,0,0,,
"Türkiye","Kayseri",,149,170,0,0,,
"Türkiye","Istanbul","Kartal",140,167,0,0,,
"Türkiye","Afyonkarahisar Province","Afyonkarahisar",130,166,0,0,,
"Türkiye","Erzurum","Palandöken",134,165,0,0,,
"Türkiye","Adana","Seyhan",146,161,0,0,,
"Saudi Arabia","Mecca Region","Jeddah",132,154,0,0,,
"Türkiye","Antalya",,148,153,0,0,,
"Türkiye","Malatya","Malatya",141,153,0,0,,
"Türkiye","Kocaeli","İzmit",136,152,0,0,,
"Türkiye","Van","Van",139,151,0,0,,
"Türkiye","Tokat Province","Tokat Province",137,147,0,0,,
"Türkiye","Yalova","Yalova",124,146,0,0,,
"Türkiye","Aydın","Aydin",137,145,0,0,,
"Türkiye","Istanbul","Üsküdar",131,142,0,0,,
"Türkiye","Tekirdağ","Tekirdağ",123,140,0,0,,
"Türkiye","Istanbul","Maltepe",120,136,0,0,,
"Türkiye","Diyarbakır Province",,124,134,0,0,,
"Türkiye","Muğla","Muğla",94,132,0,0,,
"Türkiye","Sivas","Sivas",114,129,0,0,,
"Türkiye","Antalya","Muratpaşa",102,125,0,0,,
"Türkiye","Samsun","Atakum",116,125,0,0,,
"Türkiye","Canakkale","Merkez",99,124,0,0,,
"Türkiye","Antalya","Yukarıkaraman",109,124,0,0,,
"Türkiye","Mersin","Merkez",98,122,0,0,,
"Türkiye","Kütahya","Kütahya",93,114,0,0,,
"Türkiye","Mardin","Mardin",98,112,0,0,,
"Türkiye","Zonguldak Province","Zonguldak",103,112,0,0,,
"Türkiye","Şanlıurfa","Sanliurfa",96,108,0,0,,
"Türkiye","Çorum","Çorum",96,106,0,0,,
"Türkiye","Hatay","Antakya",90,103,0,0,,
"Türkiye","Batman","Batman",84,97,0,0,,
"Türkiye","Istanbul","Eyüpsultan",87,97,0,0,,
"Türkiye","Tekirdağ","Çerkezköy",83,96,0,0,,
"Türkiye","Adıyaman Province","Adıyaman",84,94,0,0,,
"Germany","Hesse","Frankfurt am Main",82,94,0,0,,
"Türkiye","Şanlıurfa","Karaköprü",79,91,0,0,,
"Türkiye","Ordu","Altinordu",80,89,0,0,,
"Türkiye","Erzurum","Erzurum",83,88,0,0,,
"Türkiye","Istanbul","Kocasinan",63,85,0,0,,
"Türkiye","Kayseri","Talas",77,81,0,0,,
"Türkiye","Nevşehir Province","Nevşehir",69,81,0,0,,
"Türkiye","Edirne","Edirne",48,76,0,0,,
"Türkiye","Muğla","Fethiye",68,75,0,0,,
"Türkiye","Istanbul","Sarıyer",64,75,0,0,,
"Türkiye","İzmir Province","Konak",70,75,0,0,,
"Türkiye","Samsun",,71,74,0,0,,
"Türkiye","Kırıkkale","Kırıkkale",58,73,0,0,,
"United States",,,66,66,0,0,,
"Türkiye","Bolu","Bolu",60,61,0,0,,
"Türkiye","Rize Province","Rize",52,60,0,0,,
"Türkiye","Tekirdağ","Çorlu",42,60,0,0,,
"Türkiye","Antalya","Konyaalti",56,59,0,0,,
"Türkiye","Kocaeli","Gölcük",58,58,0,0,,
"Türkiye","Kars Province","Kars",50,53,0,0,,
"Türkiye","Hatay","İskenderun",49,52,0,0,,
"Türkiye","Aksaray","Aksaray",48,50,0,0,,
"Türkiye","Istanbul","Sancaktepe",43,49,0,0,,
"Türkiye","Canakkale","Çanakkale",45,48,0,0,,
"Switzerland","Zurich","Zurich",41,47,0,0,,
"Türkiye","Kocaeli","Körfez",42,47,0,0,,
"Türkiye","İzmir Province","Karabağlar",44,45,0,0,,
"Türkiye","Kocaeli","Çayırova",37,45,0,0,,
"Türkiye","Istanbul","Büyükçekmece",32,44,0,0,,
"Türkiye","Mersin",,44,44,0,0,,
"Türkiye","Konya","Karatay",39,44,0,0,,
"Saudi Arabia","Riyadh Region","Riyadh",38,43,0,0,,
"Türkiye","Bartın","Bartın",37,43,0,0,,
"Türkiye","Istanbul","Güngören",40,43,0,0,,
"Saudi Arabia","Medina Region","Medina",35,42,0,0,,
"Türkiye","Uşak","Uşak",37,41,0,0,,
"Türkiye","Amasya",,38,39,0,0,,
"Türkiye","Giresun","Giresun",32,39,0,0,,
"Türkiye","Çankırı","Çankırı",36,38,0,0,,
"Türkiye","Karabük Province","Karabük",31,38,0,0,,
"Türkiye","Hatay","Arsuz",23,38,0,0,,
"Türkiye","Kırklareli","Lüleburgaz",35,37,0,0,,
"Türkiye","Amasya","Amasya",35,37,0,0,,
"Türkiye","Eskişehir","Odunpazari",33,36,0,0,,
"Türkiye","Erzurum",,35,36,0,0,,
"Türkiye","Osmaniye","Osmaniye",30,35,0,0,,
"Türkiye","Karaman","Merkez",32,35,0,0,,
"Türkiye","Istanbul","Esenyurt",31,34,0,0,,
"Türkiye","Kastamonu","Kastamonu",30,34,0,0,,
"Türkiye","Bursa Province","İnegöl",27,34,0,0,,
"Türkiye","İzmir Province","Bornova",25,33,0,0,,
"Türkiye","Burdur","Burdur",32,33,0,0,,
"Türkiye","Artvin","Artvin",30,32,0,0,,
"Türkiye","Aydın","Kusadasi",28,32,0,0,,
"Türkiye","Kırklareli","Kırklareli",29,32,0,0,,
"Türkiye","Bilecik","Bilecik",31,32,0,0,,
"Türkiye","Adana",,28,31,0,0,,
"Austria","Vienna","Vienna",27,31,0,0,,
"Türkiye","Balıkesir","Panderma",29,30,0,0,,
"Türkiye","Kırşehir","Kırşehir",27,29,0,0,,
"Türkiye","Istanbul","Kadıköy",26,29,0,0,,
"Azerbaijan","Baku City","Baku",22,28,0,0,,
"Türkiye","Istanbul","Beyoğlu",16,28,0,0,,
"France","Île-de-France","Paris",22,28,0,0,,
"Türkiye","Istanbul","Bayrampaşa",23,28,0,0,,
"Türkiye","Istanbul","Esenler",24,27,0,0,,
"Türkiye","Bilecik","Bozüyük",19,27,0,0,,
"Türkiye","Antalya","Alanya",26,27,0,0,,
"Türkiye","Ağrı","Ağrı",19,26,0,0,,
"Italy","Lombardy","Gallarate",23,26,0,0,,
"Türkiye","Şanlıurfa",,25,26,0,0,,
"Italy","Lombardy","Milan",21,25,0,0,,
"Türkiye","Düzce","Düzce",24,25,0,0,,
"Türkiye","Konya","Meram",22,24,0,0,,
"Türkiye","Bursa Province","Yıldırım",16,24,0,0,,
"Türkiye","Yozgat","Yozgat",23,24,0,0,,
"Netherlands","North Holland","Amsterdam",21,23,0,0,,
"France",,,22,23,0,0,,
"Türkiye","Kocaeli","Kartepe",22,23,0,0,,
"Türkiye","Istanbul","Tuzla",21,22,0,0,,
"Türkiye","Manisa","Akhisar",18,21,0,0,,
"Türkiye","Ankara","Sincan",19,21,0,0,,
"Türkiye","Ankara","Aydın",9,21,0,0,,
"Türkiye","Niğde Province","Niğde",21,21,0,0,,
"United States","Oregon","Prineville",20,20,0,0,,
"Türkiye","Eskişehir","Tepebasi",16,20,0,0,,
"United Kingdom","England","City of London",17,19,0,0,,
"Greece","Attica","Athens",4,19,0,0,,
"Türkiye","Kocaeli","Başiskele",18,19,0,0,,
"Türkiye","Erzincan","Erzincan",18,19,0,0,,
"Türkiye","Şırnak","Şırnak",15,19,0,0,,
"Türkiye","Manisa","Turgutlu",17,18,0,0,,
"Türkiye","Hatay","Samandağ",17,18,0,0,,
"Türkiye","Istanbul","Çekmeköy",18,18,0,0,,
"Türkiye","Kocaeli","Darıca",17,18,0,0,,
"Belgium","Brussels Capital","Brussels",17,17,0,0,,
"Türkiye","Kocaeli","Derince",14,17,0,0,,
"Germany","North Rhine-Westphalia","Cologne",17,17,0,0,,
"Türkiye","İzmir Province","Buca",15,17,0,0,,
"Uzbekistan","Tashkent","Tashkent",16,16,0,0,,
"Türkiye","Ankara","Etimesgut",16,16,0,0,,
"Türkiye","Ankara","Yenimahalle",16,16,0,0,,
"France","Provence-Alpes-Côte d'Azur","Istres",14,16,0,0,,
"Netherlands",,,15,16,0,0,,
"Cyprus","Nicosia","Nicosia",15,16,0,0,,
"Türkiye","Bursa Province","Mustafakemalpaşa",14,16,0,0,,
"Ireland","Leinster","Clonee",15,15,0,0,,
"Qatar","Baladīyat ad Dawḩah","Doha",10,15,0,0,,
"Türkiye","Ordu",,11,15,0,0,,
"Türkiye","Kütahya","Tavşanlı",10,14,0,0,,
"Saudi Arabia",,,14,14,0,0,,
"Türkiye","Karabük Province","Safranbolu",12,14,0,0,,
"Türkiye","Istanbul","Beşiktaş",12,13,0,0,,
"Türkiye","Denizli","Pamukkale",11,13,0,0,,
"Germany","State of Berlin","Berlin",13,13,0,0,,
"United States","Virginia","Ashburn",13,13,0,0,,
"Türkiye","İzmir Province","Gaziemir",13,13,0,0,,
"Türkiye","Samsun","Ondokuzmayıs",12,13,0,0,,
"Türkiye","Istanbul","Beykoz",9,12,0,0,,
"Türkiye","İzmir Province","Bayındır",9,12,0,0,,
"United Kingdom",,,9,12,0,0,,
"Germany","Bavaria","Munich",12,12,0,0,,
"Türkiye","Denizli","Merkezefendi",7,11,0,0,,
"Türkiye","Balıkesir","Gönen",11,11,0,0,,
"Türkiye","Istanbul","Gaziosmanpaşa",10,11,0,0,,
"Sweden","Norrbotten County","Luleå",11,11,0,0,,
"Türkiye","Kocaeli","Osmaniye",10,11,0,0,,
"Türkiye","Istanbul","Aksaray",11,11,0,0,,
"Germany","North Rhine-Westphalia","Witten",10,11,0,0,,
"Türkiye","Samsun","Bafra",10,11,0,0,,
"Türkiye","İzmir Province","Bayraklı",11,11,0,0,,
"United States","Colorado","Monte Vista",10,10,0,0,,
"Türkiye","Istanbul","Şişli",10,10,0,0,,
"Türkiye","Bursa Province","Nilufer",10,10,0,0,,
"Türkiye","Istanbul","Sultangazi",10,10,0,0,,
"United States","Nebraska","Springfield",10,10,0,0,,
"Austria","Upper Austria","Enns",2,10,0,0,,
"Türkiye","Istanbul","Pendik",7,10,0,0,,
"Türkiye","Balıkesir","Edremit",9,10,0,0,,
"Italy","Sicily","Palermo",8,10,0,0,,
"Türkiye","Istanbul","Zeytinburnu",9,10,0,0,,
"Austria","Upper Austria","Gallneukirchen",2,10,0,0,,
"United States","Oregon","Boardman",10,10,0,0,,
"Türkiye","Karaman","Karaman",9,10,0,0,,
"Germany","North Rhine-Westphalia","Wuppertal",9,9,0,0,,
"Türkiye","Sinop","Gerze",8,9,0,0,,
"Türkiye","Manisa","Salihli",9,9,0,0,,
"United States","Tennessee","Gallatin",9,9,0,0,,
"Türkiye","Trabzon","Yomra",7,9,0,0,,
"Türkiye","Muğla","Yatağan",7,9,0,0,,
"Saudi Arabia","Northern Borders Region","Arar",9,9,0,0,,
"Finland","Uusimaa","Helsinki",9,9,0,0,,
"Germany","North Rhine-Westphalia","Düsseldorf",8,9,0,0,,
"France","Île-de-France",,9,9,0,0,,
"Netherlands","South Holland","Rotterdam",7,8,0,0,,
"United Arab Emirates","Dubai","Dubai",7,8,0,0,,
"Türkiye","Erzurum","Ilıca",8,8,0,0,,
"Netherlands","North Holland","Haarlem",5,8,0,0,,
"Türkiye","Istanbul","Arnavutköy",8,8,0,0,,
"Türkiye","Rize Province","Çayeli",8,8,0,0,,
"Türkiye","Manisa",,8,8,0,0,,
"United States","Iowa","Altoona",8,8,0,0,,
"Türkiye","Kırklareli","Babaeski",8,8,0,0,,
"Türkiye","Aydın","Söke",7,8,0,0,,
"Türkiye","Afyonkarahisar Province","Dinar",8,8,0,0,,
"Türkiye","Siirt","Siirt",7,8,0,0,,
"Türkiye","Ankara","Keçiören",8,8,0,0,,
"United States","Texas","Fort Worth",8,8,0,0,,
"Türkiye","Kütahya","Çavdarhisar",6,7,0,0,,
"Türkiye","Sinop","Sinop",7,7,0,0,,
"Austria",,,7,7,0,0,,
"Türkiye","İzmir Province","Bergama",7,7,0,0,,
"Türkiye","Sinop","Boyabat",7,7,0,0,,
"Türkiye","Istanbul","Ümraniye",7,7,0,0,,
"North Macedonia",,"Skopje",7,7,0,0,,
"United States","New York","New York",7,7,0,0,,
"Brazil","São Paulo","São Paulo",7,7,0,0,,
"Türkiye","Manisa","Alaşehir",7,7,0,0,,
"Germany","Hesse","Dreieich",5,7,0,0,,
"Saudi Arabia","Eastern Province","Dammam",2,6,0,0,,
"Australia","Victoria","Melbourne",6,6,0,0,,
"Türkiye","Istanbul","Beylikduzu",2,6,0,0,,
"Türkiye","Bursa Province","Karacabey",3,6,0,0,,
"Germany","Baden-Wurttemberg","Stuttgart",6,6,0,0,,
"Türkiye","Bingöl","Bingöl",6,6,0,0,,
"Türkiye","Sakarya","Kocaali",5,6,0,0,,
"Germany","North Rhine-Westphalia","Essen",6,6,0,0,,
"Sweden","Stockholm County","Stockholm",4,6,0,0,,
"Germany",,,6,6,0,0,,
"Türkiye","Mersin","Toroslar",6,6,0,0,,
"Türkiye","Yalova","Çiftlikköy",6,6,0,0,,
"Saudi Arabia","Mecca Region","Ta'if",4,6,0,0,,
"Türkiye","Istanbul","Umraniye",6,6,0,0,,
"Türkiye","Bursa Province","Mudanya",5,6,0,0,,
"United States","Georgia","Atlanta",6,6,0,0,,
"Türkiye","Istanbul","Bağcılar",6,6,0,0,,
"Türkiye","Karaman","Ermenek",6,6,0,0,,
"Türkiye","Bursa Province","Nicaea",5,5,0,0,,
"Türkiye","Bilecik","Kızıltepe",5,5,0,0,,
"Türkiye","Rize Province","Ardeşen",4,5,0,0,,
"Serbia","Belgrade","Belgrade",5,5,0,0,,
"Türkiye","Ankara","Pursaklar",5,5,0,0,,
"Türkiye","Şırnak","Silopi",5,5,0,0,,
"Canada","Ontario","Toronto",5,5,0,0,,
"United States","New York","Orangeburg",1,5,0,0,,
"Belgium","Flanders","Antwerp",5,5,0,0,,
"Türkiye","Rize Province","Fındıklı",5,5,0,0,,
"India","Rajasthan","Jaipur",4,5,0,0,,
"Türkiye","Edirne","Zorlanae",5,5,0,0,,
"Türkiye","Burdur","Bucak",5,5,0,0,,
"Türkiye","Kahramanmaraş","Elbistan",5,5,0,0,,
"Kuwait","Al Asimah","Kuwait City",3,5,0,0,,
"Türkiye","Ağrı","Doğubeyazıt",5,5,0,0,,
"Türkiye","Tokat Province","Pazar",5,5,0,0,,
"Türkiye","Ankara","Maltepe",5,5,0,0,,
"Türkiye","Antalya","Yeşiltepe",4,5,0,0,,
"Saudi Arabia","Mecca Region","Makkah",5,5,0,0,,
"Türkiye","Konya","Çumra",5,5,0,0,,
"Libya",,,5,5,0,0,,
"United States","South Carolina","Charleston",5,5,0,0,,
"Türkiye","Kilis","Kilis",4,4,0,0,,
"Germany","Baden-Wurttemberg","Mannheim",4,4,0,0,,
"Belgium",,,4,4,0,0,,
"United States","California","Los Angeles",4,4,0,0,,
"Türkiye","Tekirdağ","Saray",4,4,0,0,,
"Türkiye","Bartın","Amasra",3,4,0,0,,
"United States","North Carolina","Forest City",4,4,0,0,,
"Türkiye","Muğla","Bodrum",4,4,0,0,,
"Netherlands","Groningen","Groningen",1,4,0,0,,
"Romania","București","Bucharest",4,4,0,0,,
"Türkiye","Bursa Province","Osmangazi",4,4,0,0,,
"Türkiye","Adana","Kozan",4,4,0,0,,
"Seychelles",,,4,4,0,0,,
"Egypt","Cairo Governorate","Cairo",4,4,0,0,,
"Germany","Lower Saxony","Hanover",4,4,0,0,,
"Belgium","Flanders","Ghent",4,4,0,0,,
"United Arab Emirates",,,2,4,0,0,,
"Türkiye","Aksaray","Gülağaç",4,4,0,0,,
"Germany","Hamburg","Hamburg",4,4,0,0,,
"Türkiye","Amasya","Merzifon",4,4,0,0,,
"Montenegro","Podgorica","Podgorica",2,4,0,0,,
"Türkiye","Trabzon","Akçaabat",4,4,0,0,,
"Türkiye","Mersin","Çankaya",3,4,0,0,,
"Türkiye","Istanbul","Bahçeşehir",4,4,0,0,,
"United Kingdom","England","Poplar",4,4,0,0,,
"Türkiye","Mersin","Tarsus",4,4,0,0,,
"Türkiye","Istanbul","Fatih",4,4,0,0,,
"France","Grand Est","Strasbourg",3,4,0,0,,
"Türkiye","Antalya","Kemer",4,4,0,0,,
"Türkiye","Giresun","Görele",4,4,0,0,,
"Türkiye","Hatay","Erzin",4,4,0,0,,
"United Kingdom","England","Wandsworth",3,4,0,0,,
"Türkiye","Hakkâri","Hakkâri",4,4,0,0,,
"Türkiye","Mardin","Kızıltepe",3,3,0,0,,
"Türkiye","Kütahya","Gediz",3,3,0,0,,
"Türkiye","Manisa","Kula",3,3,0,0,,
"Ghana","Greater Accra Region","Accra",3,3,0,0,,
"Austria","Tyrol","Innsbruck",3,3,0,0,,
"France","Rhône-Alpes","Lyon",3,3,0,0,,
"Türkiye","Samsun","Ilkadim",3,3,0,0,,
"Germany","Baden-Wurttemberg","Reutlingen",3,3,0,0,,
"Türkiye","Şanlıurfa","Birecik",3,3,0,0,,
"Türkiye","Nevşehir Province","Derinkuyu",3,3,0,0,,
"Morocco","Casablanca-Settat","Casablanca",2,3,0,0,,
"Jordan","Amman Governorate","Amman",3,3,0,0,,
"Türkiye","Şanlıurfa","Ceylanpınar",3,3,0,0,,
"United States","New Jersey","Secaucus",3,3,0,0,,
"Türkiye","Hatay","Sincan",3,3,0,0,,
"United States","California","Santa Clara",3,3,0,0,,
"Türkiye","Artvin","Yusufeli",3,3,0,0,,
"Albania",,,3,3,0,0,,
"Germany","Baden-Wurttemberg","Heilbronn",3,3,0,0,,
"Brunei","Brunei-Muara District","Bandar Seri Begawan",1,3,0,0,,
"Canada","Quebec","Montreal",3,3,0,0,,
"Spain","Madrid","Madrid",3,3,0,0,,
"United States","Oregon","The Dalles",3,3,0,0,,
"Türkiye","Tunceli","Tunceli",3,3,0,0,,
"Ireland","Leinster","Dublin",3,3,0,0,,
"Türkiye","Hatay","Reyhanlı",3,3,0,0,,
"Singapore",,,1,3,0,0,,
"Germany","Bavaria","Nuremberg",3,3,0,0,,
"Netherlands","South Holland",,3,3,0,0,,
"Denmark","Capital Region","Copenhagen",3,3,0,0,,
"Türkiye","Mardin","Nisibis",3,3,0,0,,
"United States","New York","Brooklyn",3,3,0,0,,
"Türkiye","Ankara","Polatlı",3,3,0,0,,
"Kosovo",,"Pristina",2,3,0,0,,
"Saudi Arabia","Eastern Province",,3,3,0,0,,
"Greece","East Macedonia and Thrace","Komotini",3,3,0,0,,
"Türkiye","Istanbul","Ataşehir",1,3,0,0,,
"Germany","North Rhine-Westphalia","Mülheim",3,3,0,0,,
"Poland","Mazovia","Warsaw",3,3,0,0,,
"Bulgaria","Sofia-Capital","Sofia",3,3,0,0,,
"Türkiye","Tekirdağ","Kapaklı",3,3,0,0,,
"Türkiye","Sakarya","Erenler",3,3,0,0,,
"Netherlands","South Holland","The Hague",3,3,0,0,,
"Türkiye","Ankara","Beypazarı",3,3,0,0,,
"Türkiye","Antalya","Manavgat",2,3,0,0,,
"Türkiye","İzmir Province","Cordaleo",3,3,0,0,,
"Germany","Rheinland-Pfalz","Mainz",3,3,0,0,,
"Türkiye","Çankırı","Çerkeş",3,3,0,0,,
"United States","Ohio","Columbus",3,3,0,0,,
"Türkiye","Aydın","Didim",3,3,0,0,,
"Netherlands","South Holland","Naaldwijk",3,3,0,0,,
"Türkiye","Muğla",,3,3,0,0,,
"United States","Texas","Dallas",3,3,0,0,,
"Belgium","Wallonia","Liège",3,3,0,0,,
"Germany","Baden-Wurttemberg","Göppingen",3,3,0,0,,
"Oman","Muscat","Muscat",3,3,0,0,,
"Germany","North Rhine-Westphalia","Mönchengladbach",2,2,0,0,,
"Türkiye","İzmir Province","Balçova",2,2,0,0,,
"Türkiye","Mersin","Bozyazı",2,2,0,0,,
"Türkiye","Sakarya","Sapanca",2,2,0,0,,
"Sweden",,,2,2,0,0,,
"Türkiye","Aydın",,2,2,0,0,,
"Türkiye","Tunceli","Batman",2,2,0,0,,
"Australia","Western Australia","Perth",1,2,0,0,,
"Türkiye","Erzurum","Yakutiye",2,2,0,0,,
"Türkiye","Trabzon","Of",1,2,0,0,,
"Georgia","Tbilisi","Tbilisi",2,2,0,0,,
"Uzbekistan",,,2,2,0,0,,
"Kazakhstan","Astana","Astana",2,2,0,0,,
"Türkiye","Kütahya","Emet",2,2,0,0,,
"China",,,2,2,0,0,,
"United States","Texas","Katy",1,2,0,0,,
"France","Hauts-de-France","Lille",1,2,0,0,,
"Türkiye","Yalova","Çınarcık",2,2,0,0,,
"United States","Pennsylvania","Philadelphia",1,2,0,0,,
"Canada","Ontario",,2,2,0,0,,
"Hong Kong",,,2,2,0,0,,
"Türkiye","Adana","Yüreğir",2,2,0,0,,
"Türkiye","Samsun","Tekkeköy",2,2,0,0,,
"United States","Texas","Houston",2,2,0,0,,
"Malaysia","Selangor","Cyberjaya",1,2,0,0,,
"Germany","Baden-Wurttemberg","Tamm",2,2,0,0,,
"Norway",,,1,2,0,0,,
"Iraq",,,2,2,0,0,,
"Türkiye","Antalya","Karabük",2,2,0,0,,
"Türkiye","Mersin","Silifke",2,2,0,0,,
"Saudi Arabia","Eastern Province","Jubail",1,2,0,0,,
"Kazakhstan","Almaty","Almaty",1,2,0,0,,
"Türkiye","Nevşehir Province","Ürgüp",2,2,0,0,,
"Netherlands","North Brabant","Oss",2,2,0,0,,
"Türkiye","Düzce","Gölyaka",2,2,0,0,,
"Türkiye","İzmir Province","Tire",2,2,0,0,,
"Romania",,,2,2,0,0,,
"United States","Georgia","Social Circle",2,2,0,0,,
"Türkiye","Konya","Yükselen",2,2,0,0,,
"Türkiye","Bitlis","Bitlis",1,2,0,0,,
"Singapore",,"Singapore",2,2,0,0,,
"Switzerland","Zurich","Dietikon",2,2,0,0,,
"Türkiye","Ankara","Ulus",1,2,0,0,,
"Afghanistan",,,2,2,0,0,,
"Netherlands","North Brabant","Eindhoven",2,2,0,0,,
"Bosnia and Herzegovina","Federation of Bosnia and Herzegovina","Sarajevo",1,2,0,0,,
"Kyrgyzstan","Gorod Bishkek","Bishkek",2,2,0,0,,
"Germany","North Rhine-Westphalia","Bielefeld",1,2,0,0,,
"China","Shanghai","Shanghai",2,2,0,0,,
"Türkiye","Kocaeli",,2,2,0,0,,
"Germany","North Rhine-Westphalia","Bochum",2,2,0,0,,
"Türkiye","Balıkesir","Aivali",2,2,0,0,,
"Türkiye","Amasya","Taşova",1,2,0,0,,
"Greece","Attica","Porto Rafti",2,2,0,0,,
"Germany","North Rhine-Westphalia","Hamm",2,2,0,0,,
"Netherlands","South Holland","Vlaardingen",2,2,0,0,,
"Georgia","Adjara","Batumi",2,2,0,0,,
"Italy",,,2,2,0,0,,
"Türkiye","Konya","Karapınar",2,2,0,0,,
"Switzerland",,,2,2,0,0,,
"Türkiye","Osmaniye","Kadirli",2,2,0,0,,
"Netherlands","North Holland","Purmerend",2,2,0,0,,
"United Kingdom","England","Milton Keynes",2,2,0,0,,
"Germany","Lower Saxony","Braunschweig",1,2,0,0,,
"United Kingdom","England","Oxford",2,2,0,0,,
"Türkiye","Isparta","Isparta",2,2,0,0,,
"Germany","Hesse","Fulda",2,2,0,0,,
"Türkiye","Konya","Ilgın",2,2,0,0,,
"Belgium","Flanders","Turnhout",2,2,0,0,,
"Ukraine","Kyiv City","Kyiv",2,2,0,0,,
"Türkiye","Kayseri","Develi",2,2,0,0,,
"Japan","Tokyo","Tokyo",2,2,0,0,,
"Türkiye","Antalya","Kadirli",1,2,0,0,,
"Denmark","Central Jutland","Aarhus",2,2,0,0,,
"Germany","City state Bremen","Bremen",2,2,0,0,,
"France","Rhône-Alpes",,2,2,0,0,,
"Germany","Bavaria","Landshut",2,2,0,0,,
"Germany","North Rhine-Westphalia","Gelsenkirchen",2,2,0,0,,
"United States","Iowa",,2,2,0,0,,
"United Kingdom","England","Wednesbury",1,2,0,0,,
"United Kingdom","England","London",2,2,0,0,,
"Norway","Østfold","Fredrikstad",2,2,0,0,,
"Türkiye","Düzce","Cumayeri",2,2,0,0,,
"Netherlands","North Brabant","Breda",2,2,0,0,,
"Türkiye","Balıkesir",,2,2,0,0,,
"Türkiye","Bursa Province","Fethiye",2,2,0,0,,
"Germany","Baden-Wurttemberg","Karlsruhe",2,2,0,0,,
"Germany","North Rhine-Westphalia","Dortmund",2,2,0,0,,
"Türkiye","Burdur","İğdir",1,1,0,0,,
"Germany","North Rhine-Westphalia","Lünen",1,1,0,0,,
"Netherlands","Utrecht","Utrecht",1,1,0,0,,
"Netherlands","Overijssel","Zwolle",1,1,0,0,,
"United Kingdom","England","Leeds",1,1,0,0,,
"Türkiye","Giresun","Bulancak",1,1,0,0,,
"Sweden","Stockholm County","Sundbyberg",1,1,0,0,,
"Tanzania","Zanzibar Urban/West","Zanzibar",1,1,0,0,,
"Colombia","Bogota D.C.","Bogotá",1,1,0,0,,
"Greece","Attica",,1,1,0,0,,
"Türkiye","Şırnak","İdil",1,1,0,0,,
"Malaysia","Selangor","Puchong",1,1,0,0,,
"Switzerland","Aargau","Gränichen",1,1,0,0,,
"United States","Virginia","Gainesville",1,1,0,0,,
"Germany","Baden-Wurttemberg","Tübingen",1,1,0,0,,
"United States","Indiana","Carmel",1,1,0,0,,
"Austria","Upper Austria","Alkoven",1,1,0,0,,
"Germany","Baden-Wurttemberg","Steinheim an der Murr",1,1,0,0,,
"Peru","Lima region",,1,1,0,0,,
"Greece","Thessaly","Larissa",1,1,0,0,,
"Belgium","Flanders","Peer",1,1,0,0,,
"Ivory Coast","Abidjan Autonomous District","Abidjan",1,1,0,0,,
"Russia","St.-Petersburg","St Petersburg",1,1,0,0,,
"Ukraine","Lviv","Lviv",1,1,0,0,,
"Türkiye","Muş","Muş",1,1,0,0,,
"Algeria","Algiers","Algiers",1,1,0,0,,
"Germany","North Rhine-Westphalia","Iserlohn",1,1,0,0,,
"Türkiye","Ankara","Çubuk",1,1,0,0,,
"Algeria","Constantine","Constantine",1,1,0,0,,
"France","Occitanie","Montpellier",1,1,0,0,,
"Netherlands","Limburg","Venlo",1,1,0,0,,
"United Kingdom","England","Tottenham",1,1,0,0,,
"France","Nouvelle-Aquitaine","Angoulême",1,1,0,0,,
"United States","Alabama",,1,1,0,0,,
"Finland",,,1,1,0,0,,
"Netherlands","South Holland","Maassluis",1,1,0,0,,
"Germany","Lower Saxony","Göttingen",1,1,0,0,,
"Germany","Baden-Wurttemberg","Leimen",1,1,0,0,,
"Algeria","Tizi Ouzou","Tizi Ouzou",1,1,0,0,,
"Germany","North Rhine-Westphalia","Troisdorf",1,1,0,0,,
"France","Rhône-Alpes","Cluses",1,1,0,0,,
"France","Bourgogne","Fouchécourt",1,1,0,0,,
"Germany","Bavaria","Pfaffenhofen an der Ilm",1,1,0,0,,
"Türkiye","Şırnak","Cizre",1,1,0,0,,
"China","Guangdong","Guangzhou",1,1,0,0,,
"Germany","North Rhine-Westphalia","Münster",1,1,0,0,,
"Tunisia","Nabeul Governorate","Hammamet",1,1,0,0,,
"United Kingdom","England","Ilford",1,1,0,0,,
"Türkiye","Kırklareli","Vize",1,1,0,0,,
"France","Île-de-France","Montmorency",1,1,0,0,,
"Netherlands","South Holland","Leiden",1,1,0,0,,
"United Kingdom","England","Barnet",1,1,0,0,,
"Brazil","São Paulo","Osasco",1,1,0,0,,
"United Kingdom","England","Kensington",1,1,0,0,,
"Italy","Veneto","Vicenza",1,1,0,0,,
"Germany","North Rhine-Westphalia","Siegen",1,1,0,0,,
"United States","Alabama","Spanish Fort",1,1,0,0,,
"Netherlands","Utrecht","Woerden",1,1,0,0,,
"France","Centre-Val de Loire","Vendôme",1,1,0,0,,
"Germany","Bavaria","Freising",1,1,0,0,,
"United States","Massachusetts","Boston",1,1,0,0,,
"Netherlands","Utrecht","IJsselstein",1,1,0,0,,
"Iraq","Kirkuk Governorate","Kirkuk",1,1,0,0,,
"Türkiye","İzmir Province","Çeşme",1,1,0,0,,
"Germany","Baden-Wurttemberg","Sandhausen",1,1,0,0,,
"Türkiye","Muğla","Dalaman",1,1,0,0,,
"Austria","Upper Austria","Linz",1,1,0,0,,
"Kosovo",,"Ferizaj",1,1,0,0,,
"United States","Delaware","New Castle",1,1,0,0,,
"Germany","North Rhine-Westphalia","Krefeld",1,1,0,0,,
"Germany","Baden-Wurttemberg","Bietigheim-Bissingen",1,1,0,0,,
"France","Île-de-France","Juvisy-sur-Orge",1,1,0,0,,
"Germany","Lower Saxony","Langenhagen",1,1,0,0,,
"Germany","North Rhine-Westphalia","Düren",1,1,0,0,,
"Germany","Baden-Wurttemberg","Donaueschingen",1,1,0,0,,
"Germany","North Rhine-Westphalia","Bünde",1,1,0,0,,
"Türkiye","İzmir Province","Narlıdere",1,1,0,0,,
"France","Île-de-France","Le Mée-sur-Seine",1,1,0,0,,
"United States","Florida","Miami",1,1,0,0,,
"Türkiye","İzmir Province","Kemalpaşa",1,1,0,0,,
"Netherlands","Zeeland","Terneuzen",1,1,0,0,,
"Norway","Innlandet","Vinstra",1,1,0,0,,
"United Arab Emirates","Abu Dhabi","Al Ain City",1,1,0,0,,
"Sweden","Stockholm County",,1,1,0,0,,
"Germany","Bavaria","Wunsiedel",1,1,0,0,,
"Germany","North Rhine-Westphalia","Rhede",1,1,0,0,,
"France","Rhône-Alpes","Voiron",1,1,0,0,,
"Azerbaijan","Sumqayit City","Sumqayit",1,1,0,0,,
"Germany","Hesse","Erbach im Odenwald",1,1,0,0,,
"United States","Arkansas","Little Rock",1,1,0,0,,
"Germany","Baden-Wurttemberg","Dietenheim",1,1,0,0,,
"Türkiye","Muğla","Kavaklıdere",1,1,0,0,,
"Sweden","Stockholm County","Älvsjö",1,1,0,0,,
"Norway","Agder","Flekkefjord",1,1,0,0,,
"Austria","Lower Austria","Breitenfurt bei Wien",1,1,0,0,,
"Germany","Baden-Wurttemberg","Achern",1,1,0,0,,
"Netherlands","Utrecht","Nieuwegein",1,1,0,0,,
"United States","Ohio","Bath",1,1,0,0,,
"United Kingdom","England","Gillingham",1,1,0,0,,
"Angola","Luanda Province","Luanda",1,1,0,0,,
"Morocco","Rabat-Salé-Kénitra","Rabat",1,1,0,0,,
"Nigeria","Lagos","Lagos",1,1,0,0,,
"Germany","Bavaria","Schöllkrippen",1,1,0,0,,
"France","Rhône-Alpes","Vénissieux",1,1,0,0,,
"Egypt","Sharqia","Zagazig",1,1,0,0,,
"United States","Connecticut","Shelton",1,1,0,0,,
"Germany","Hesse",,1,1,0,0,,
"France","Île-de-France","Pantin",1,1,0,0,,
"Türkiye","Ankara","Kızılcahamam",1,1,0,0,,
"Canada","Quebec","Beauharnois",1,1,0,0,,
"Germany","Bavaria","Dillingen an der Donau",1,1,0,0,,
"United States","Missouri","Kansas City",1,1,0,0,,
"Spain","Castille and León",,1,1,0,0,,
"United States","New York","Port Jefferson",1,1,0,0,,
"Türkiye","İzmir Province","Denizli",1,1,0,0,,
"Germany","Bavaria","Kempten (Allgäu)",1,1,0,0,,
"Türkiye","Amasya","Karaköprü",1,1,0,0,,
"United Kingdom","England","City of Westminster",1,1,0,0,,
"United States","Ohio","Dayton",1,1,0,0,,
"Türkiye","Kilis","Büyükkonak",1,1,0,0,,
"Netherlands","South Holland","Schiedam",1,1,0,0,,
"Germany","North Rhine-Westphalia","Velbert",1,1,0,0,,
"United States","Nevada","West Wendover",1,1,0,0,,
"Netherlands","Overijssel","Enschede",1,1,0,0,,
"Germany","Rheinland-Pfalz","Bad Hönningen",1,1,0,0,,
"France","Rhône-Alpes","Saint-Fons",1,1,0,0,,
"Türkiye","Giresun","Piraziz",1,1,0,0,,
"Netherlands","Gelderland","Lienden",1,1,0,0,,
"Australia","New South Wales","Sydney",1,1,0,0,,
"France","Île-de-France","Franconville",1,1,0,0,,
"Iraq","Erbil Governorate","Erbil",1,1,0,0,,
"Japan","Fukuoka","Fukuoka",1,1,0,0,,
"Bahrain","Manama","Manama",1,1,0,0,,
"Germany","Hesse","Dieburg",1,1,0,0,,
"Germany","North Rhine-Westphalia","Bonn",1,1,0,0,,
"France","Grand Est","Lauterbourg",1,1,0,0,,
"Ethiopia","Addis Ababa","Addis Ababa",1,1,0,0,,
"France","Île-de-France","Bondy",1,1,0,0,,
"Portugal",,,1,1,0,0,,
"Germany","Baden-Wurttemberg","Riedlingen",1,1,0,0,,
"Ireland","Munster","Cork",1,1,0,0,,
"Germany","Brandenburg","Falkensee",1,1,0,0,,
"Norway","Vestfold","Holmestrand",1,1,0,0,,
"Germany","Baden-Wurttemberg","Uhingen",1,1,0,0,,
"Germany","North Rhine-Westphalia","Ratingen",1,1,0,0,,
"United States","Arizona","Phoenix",1,1,0,0,,
"Spain","Catalonia","Barcelona",1,1,0,0,,
"Kazakhstan","Qostanay Oblysy","Kostanay",1,1,0,0,,
"United Kingdom","England","Chesterfield",1,1,0,0,,
"Germany","Hesse","Limburg an der Lahn",1,1,0,0,,
"Lithuania","Vilnius","Vilnius",1,1,0,0,,
"Albania","Tirana","Tirana",1,1,0,0,,
"Germany","Hesse","Wetzlar",1,1,0,0,,
"Netherlands","South Holland","Gouda",1,1,0,0,,
"Germany","Baden-Wurttemberg","Bruchsal",1,1,0,0,,
"Germany","North Rhine-Westphalia","Gütersloh",1,1,0,0,,
"Netherlands","Overijssel","Almelo",1,1,0,0,,
"United States","Florida","Boca Raton",1,1,0,0,,
"United States","California","Daly City",1,1,0,0,,
"United Kingdom","England","Hounslow",1,1,0,0,,
"India","Maharashtra","Mumbai",1,1,0,0,,
"Hong Kong",,"Hong Kong",1,1,0,0,,
"Germany","Bavaria","Sonthofen",1,1,0,0,,
"United Kingdom","England","Bushey",1,1,0,0,,
"Türkiye","Ağrı","Patnos",1,1,0,0,,
"United States","California","Irvine",1,1,0,0,,
"Netherlands","Utrecht","Vianen",1,1,0,0,,
"Maldives","Vaavu Atholhu","Felidhoo",1,1,0,0,,
"Türkiye","İzmir Province","Aliağa",1,1,0,0,,
"Türkiye","Aydın","Nazilli",1,1,0,0,,
"France","Île-de-France","Argenteuil",1,1,0,0,,
"Russia","Nizhny Novgorod Oblast","Nizhniy Novgorod",1,1,0,0,,
"South Africa","Gauteng","Johannesburg",1,1,0,0,,
"Netherlands","North Holland","Zandvoort",1,1,0,0,,
"France","Île-de-France","Saint-Denis",1,1,0,0,,
"France","Rhône-Alpes","Vétraz-Monthoux",1,1,0,0,,
"Sweden","Skåne County","Ängelholm",1,1,0,0,,
"Algeria","Sétif","Sétif",1,1,0,0,,
"Pakistan","Punjab","Lahore",1,1,0,0,,
"Bulgaria",,,1,1,0,0,,
"Norway","Rogaland","Stavanger",1,1,0,0,,
"Bangladesh",,,1,1,0,0,,
"United States","Alabama","Madison",1,1,0,0,,
"Germany","North Rhine-Westphalia","Neuss",1,1,0,0,,
"Türkiye","Kayseri","Ortakavak",1,1,0,0,,
"Germany","North Rhine-Westphalia","Heiligenhaus",1,1,0,0,,
"Bulgaria","Kardzhali","Momchilgrad",1,1,0,0,,
"Germany","Lower Saxony",,1,1,0,0,,
"United States","Ohio","Loveland",1,1,0,0,,
"France","Île-de-France","Combs-la-Ville",1,1,0,0,,
"United States","Delaware","Newark",1,1,0,0,,
"Germany","North Rhine-Westphalia","Lübbecke",1,1,0,0,,
"Germany","Hesse","Solms",1,1,0,0,,
"Austria","Vorarlberg","Lustenau",1,1,0,0,,
"United Kingdom","England","Bishop Auckland",1,1,0,0,,
"Russia","Chelyabinsk Oblast","Chelyabinsk",1,1,0,0,,
"Netherlands","South Holland","Reeuwijk",1,1,0,0,,
"United States","North Carolina","Cornelius",1,1,0,0,,
"Germany","Bavaria","Hausham",1,1,0,0,,
"Türkiye","Manisa","Soma",1,1,0,0,,
"Türkiye","Bolu","Çamyayla",1,1,0,0,,
"France","Bourgogne","Nevers",1,1,0,0,,
"Netherlands","North Brabant","Geldrop",1,1,0,0,,
"Austria","Salzburg","Salzburg",1,1,0,0,,
"United Kingdom","England","Maidstone",1,1,0,0,,
"Germany","Lower Saxony","Winsen",1,1,0,0,,
"Colombia","Departamento de Bolívar","Cartagena",1,1,0,0,,
"Germany","Bavaria","Schernfeld",1,1,0,0,,
"Türkiye","Düzce","Center",1,1,0,0,,
"Netherlands","North Brabant","Grave",1,1,0,0,,
"Netherlands","South Holland","Ridderkerk",1,1,0,0,,
"Azerbaijan",,,1,1,0,0,,
"Germany","Bavaria","Ingolstadt",1,1,0,0,,
"France","Grand Est",,1,1,0,0,,
"Türkiye","Batman","Kozluk",1,1,0,0,,
"Canada","Alberta","Edmonton",1,1,0,0,,
"Germany","Baden-Wurttemberg","Freiburg im Breisgau",1,1,0,0,,
"Germany","Lower Saxony","Hohenhameln",1,1,0,0,,
"Spain","Andalusia","Chiclana de la Frontera",1,1,0,0,,
"Germany","Schleswig-Holstein","Uetersen",1,1,0,0,,
"France","Île-de-France","Romainville",1,1,0,0,,
"Albania","Shkodër County","Shkodër",1,1,0,0,,
"Türkiye","Adıyaman Province","Maltepe",1,1,0,0,,
"Greece","Central Macedonia","Thessaloniki",1,1,0,0,,
"United States","District of Columbia","Washington",1,1,0,0,,
"Netherlands","South Holland","Moordrecht",1,1,0,0,,
"Germany","North Rhine-Westphalia","Schwerte",1,1,0,0,,
"Austria","Vorarlberg","Dornbirn",1,1,0,0,,
"Türkiye","Sivas","Bingöl",1,1,0,0,,
"United States","Colorado","Denver",1,1,0,0,,
"Brazil","São Paulo","Regente Feijó",1,1,0,0,,
"Switzerland","Basel-Landschaft","Reinach",1,1,0,0,,
"United Kingdom","England","Wolverhampton",1,1,0,0,,
"Türkiye","Istanbul","Ataköy",1,1,0,0,,
"Norway","Oslo County","Oslo",1,1,0,0,,
"United States","New Jersey","Passaic",1,1,0,0,,
"Ivory Coast","Abidjan Autonomous District",,1,1,0,0,,
"Greece","East Macedonia and Thrace","Xánthi",1,1,0,0,,
"Türkiye","Samsun","Düzce",1,1,0,0,,
"United States","California","Pleasanton",1,1,0,0,,
"Türkiye","Antalya","Deniz",1,1,0,0,,
"Poland",,,1,1,0,0,,
"Türkiye","İzmir Province","Dikili",1,1,0,0,,
"United States","Texas","McKinney",1,1,0,0,,
"South Korea","Busan","Busan",1,1,0,0,,
"Germany","North Rhine-Westphalia","Bad Salzuflen",1,1,0,0,,
"United Kingdom","England","Nottingham",1,1,0,0,,
"India",,,1,1,0,0,,
"Türkiye","Bursa Province","İğdir",1,1,0,0,,
"United Kingdom","England","Halifax",1,1,0,0,,
"Germany","North Rhine-Westphalia","Beverungen",1,1,0,0,,
"Austria","Salzburg","St Johann im Pongau",1,1,0,0,,
"United Kingdom","England",,1,1,0,0,,
"France","Occitanie","Perpignan",1,1,0,0,,
"Czechia","Jihočeský kraj","České Budějovice",1,1,0,0,,
"France","Grand Est","Saint-Dizier",1,1,0,0,,
"United States","Connecticut","Bridgeport",1,1,0,0,,
"Mexico","Chiapas","Querétaro",1,1,0,0,,
"Belgium","Flanders","Hamme",1,1,0,0,,
"Germany","Baden-Wurttemberg","Esslingen am Neckar",1,1,0,0,,
"Germany","Hesse","Groß-Gerau",1,1,0,0,,
"Türkiye","Diyarbakır Province","Bağlar",1,1,0,0,,
"Austria","Tyrol","Telfs",1,1,0,0,,
"Germany","Hesse","Langen",1,1,0,0,,
"France","Île-de-France","Savigny-le-Temple",1,1,0,0,,
"Germany","Baden-Wurttemberg","Calw",1,1,0,0,,
"Egypt","Monufia","Ashmūn",1,1,0,0,,
"France","Rhône-Alpes","Largentière",1,1,0,0,,
"Türkiye","Sakarya","Karasu",1,1,0,0,,
"Germany","North Rhine-Westphalia","Bornheim",1,1,0,0,,
"Germany","Lower Saxony","Vechta",1,1,0,0,,
"Switzerland","Solothurn","Riedholz",1,1,0,0,,
"Cameroon","Centre","Yaoundé",1,1,0,0,,
"France","Normandy","Ouistreham",1,1,0,0,,
"Turkmenistan","Ahal",,1,1,0,0,,
"Türkiye","Çorum","Osmancık",1,1,0,0,,
"Malta","L-Imsida","Msida",1,1,0,0,,
"Indonesia","Jakarta","Jakarta",1,1,0,0,,
"Norway","Nordland","Bodø",1,1,0,0,,
"Germany","Baden-Wurttemberg","Ludwigsburg",1,1,0,0,,
"Trinidad and Tobago","Port of Spain","Port of Spain",1,1,0,0,,
"Austria","Tyrol",,1,1,0,0,,
"United Arab Emirates","Emirate of Sharjah","Sharjah",1,1,0,0,,
"Türkiye","Kayseri","Hacılar",1,1,0,0,,
"United Kingdom","England","Ipswich",1,1,0,0,,
"Germany","North Rhine-Westphalia","Attendorn",1,1,0,0,,
"Germany","Bavaria","Pasing",1,1,0,0,,
"Romania","București",,1,1,0,0,,
"Germany","North Rhine-Westphalia","Gummersbach",1,1,0,0,,
"Germany","North Rhine-Westphalia","Werdohl",1,1,0,0,,
"Türkiye","Kocaeli","Karamürsel",1,1,0,0,,
"France","Île-de-France","Montereau-Fault-Yonne",1,1,0,0,,
"Palestine","Ramallah and al-Bireh Governorate","Ramallah",1,1,0,0,,
"Spain",,,1,1,0,0,,
"United States","Texas","Canton",1,1,0,0,,
"Germany","Baden-Wurttemberg","Weinsberg",1,1,0,0,,
"Germany","Rheinland-Pfalz","Wittlich",1,1,0,0,,
"United Kingdom","England","Chessington",1,1,0,0,,
"United Kingdom","England","Tower Hamlets",1,1,0,0,,
"Senegal","Dakar","Dakar",1,1,0,0,,
"Germany","Rheinland-Pfalz","Ludwigshafen am Rhein",1,1,0,0,,
"Germany","Bavaria","Garching",1,1,0,0,,
"Cyprus","Ammochostos","Derýneia",1,1,0,0,,
"Denmark","Capital Region",,1,1,0,0,,
"Germany","Bavaria","Füssen",1,1,0,0,,
"Russia","Volgograd Oblast","Volgograd",1,1,0,0,,
"Azerbaijan","Yevlax City","Yevlakh",1,1,0,0,,
"Germany","Baden-Wurttemberg","Mosbach",1,1,0,0,,
"Sweden","Jönköping","Jönköping",1,1,0,0,,
"Germany","Bavaria","Coburg",1,1,0,0,,
"Japan",,,1,1,0,0,,
"Netherlands","North Brabant","Prinsenbeek",1,1,0,0,,
"Canada","Ontario","Windsor",1,1,0,0,,
"France","Bourgogne","Sens",1,1,0,0,,
